0	[proc,quicksort]
1	[proc,inv_total_available]
6	[clientscript,magic_init]
10	[clientscript,magic_addtooltip]
11	[clientscript,magic_deltooltip]
15	[clientscript,quickchat_tutorial_init]
16	[clientscript,magic_updateicon]
17	[clientscript,magic_entertargetmode]
18	[clientscript,magic_leavetargetmode]
19	[proc,magic_runecount]
20	[proc,magic_tostring]
21	[proc,magic_updateicon]
26	[clientscript,magictraining_shop]
27	[clientscript,magictraining_shop_points]
28	[clientscript,loot_toggle_client]
29	[clientscript,closebutton_click]
30	[clientscript,scrollbar_vertical]
31	[proc,scrollbar_vertical]
32	[clientscript,scrollbar_vertical_up]
33	[clientscript,scrollbar_vertical_down]
34	[clientscript,scrollbar_vertical_jump]
35	[clientscript,scrollbar_vertical_drag]
36	[clientscript,scrollbar_vertical_wheel]
37	[proc,scrollbar_vertical_doscroll]
38	[clientscript,addtooltip]
39	[proc,addtooltip_action]
40	[clientscript,deltooltip]
41	[proc,deltooltip_action]
42	[proc,bool_to_int]
43	[clientscript,trail_reward_generation]
44	[clientscript,graphic_swapper]
45	[clientscript,text_colour_swapper]
46	[proc,tostring_spacer]
49	[clientscript,prayer_varupdate]
50	[clientscript,topstat_prayer_button_update]
52	[clientscript,prayer_statupdate]
53	[clientscript,prayer_level]
54	[clientscript,wilderness_level_update]
56	[proc,area_task_complete]
60	[clientscript,dream_bank_init]
61	[clientscript,dream_chest_init]
62	[proc,quicksort_enum]
63	[clientscript,scrollbar_vertical_graphics]
64	[clientscript,vm_kudos_set]
65	[clientscript,set_spinner]
66	[clientscript,spinner]
67	[clientscript,model_swapper]
68	[clientscript,text_swapper]
69	[clientscript,comp_sethide]
70	[clientscript,tzhaar_fightpit_foesremaining]
71	[proc,if_switchside]
72	[proc,scrollbar_resize]
73	[clientscript,chatdefault_onkey]
74	[proc,add_to_inputstring]
75	[proc,chatout_scrollup]
76	[proc,chatout_scrolldown]
77	[proc,chatout_add]
78	[proc,chatout_set]
79	[proc,chatout_get]
80	[clientscript,trail_puzzle_generation]
81	[clientscript,chatdefault_updatechatbox]
82	[clientscript,rebootwatch]
83	[clientscript,splitpm_changed]
84	[proc,rebuildchatbox]
86	[clientscript,chat_op]
87	[clientscript,macro_pinball_score]
88	[clientscript,private_op]
89	[proc,rebuildpmbox]
90	[proc,filtertest]
91	[proc,pm_filtertest]
92	[clientscript,v2_stone_button]
93	[clientscript,v2_stone_button_filled]
94	[clientscript,v2_stone_button_in]
95	[clientscript,v2_stone_button_in_filled]
96	[clientscript,v2_stone_button_out]
97	[clientscript,v2_stone_button_out_filled]
98	[proc,create_graphic]
99	[clientscript,duel_stake_init]
101	[clientscript,meslayer_close]
102	[proc,meslayer_mode1]
103	[clientscript,meslayer_mode2]
104	[clientscript,meslayer_mode3]
105	[clientscript,meslayer_mode4]
106	[clientscript,trail_puzzle_click]
107	[proc,meslayer_mode6]
108	[clientscript,meslayer_mode7]
109	[clientscript,meslayer_mode8]
110	[clientscript,meslayer_mode9]
111	[proc,meslayer_mode10]
112	[clientscript,meslayer_onkey]
114	[clientscript,switchside_init]
115	[clientscript,switchside]
117	[clientscript,flashside_vartransmit]
118	[clientscript,death_deathkeepinit]
119	[clientscript,component_pulse_start]
120	[clientscript,pattern_spin]
121	[proc,getsideicon]
122	[clientscript,component_pulse_timer]
123	[clientscript,friend_init]
124	[clientscript,friend_transmit]
125	[proc,friend_update]
126	[clientscript,friend_op]
127	[clientscript,ignore_init]
128	[clientscript,ignore_transmit]
129	[proc,ignore_update]
130	[clientscript,ignore_op]
131	[clientscript,snapshot_open]
133	[proc,inzone]
134	[clientscript,snapshot_mutetoggle]
135	[clientscript,snapshot_report]
138	[clientscript,meslayer_ondialogabort]
139	[clientscript,subchanged_init]
140	[clientscript,subchanged]
142	[clientscript,trade_confirm_init]
143	[clientscript,interface_flash_slot]
144	[clientscript,interface_flash_fade]
149	[clientscript,interface_inv_init]
150	[clientscript,interface_inv_init_big]
151	[clientscript,interface_inv_update_big]
152	[proc,interface_inv_update]
153	[proc,interface_inv_update_big]
154	[proc,interface_inv_draw_slot_big]
155	[clientscript,interface_inv_dragcomplete_swap_big]
156	[clientscript,interface_inv_dragcomplete_shuffle_big]
157	[proc,scrollbar_ondrag_doscroll]
158	[clientscript,interface_invother_init]
159	[clientscript,interface_invother_update_big]
160	[proc,interface_invother_update_big]
161	[proc,interface_invother_draw_slot_big]
162	[clientscript,interface_inv_drag_slot]
163	[clientscript,cws_toggle]
164	[clientscript,cws_graphic_swap]
165	[clientscript,cws_graphic_swap_2]
166	[proc,cws_cc_getvar]
167	[clientscript,cws_mouseover]
168	[clientscript,pattern_cards_select]
169	[clientscript,kr_mouseleave_colour]
170	[clientscript,kr_tumbler_height]
171	[clientscript,kr_display_riddle]
173	[clientscript,chat_button_select]
174	[clientscript,chat_button_deselect]
175	[clientscript,chat_button_onop]
177	[clientscript,redraw_chat_buttons]
178	[proc,redraw_chat_buttons]
179	[proc,chat_alert_get]
180	[proc,chat_alert_enable]
181	[proc,chat_alert_reset]
182	[clientscript,chat_alert_flash]
183	[proc,chat_alert_set]
184	[proc,chat_set_filter]
185	[proc,chat_get_filter]
186	[proc,small_button_pressed]
187	[proc,small_button_blue]
188	[clientscript,large_button_highlight]
189	[proc,large_button_highlight]
190	[clientscript,large_button]
191	[proc,large_button]
192	[proc,chatalerts]
193	[proc,panetest]
194	[clientscript,joinchat_onop]
198	[proc,getclanicon]
204	[clientscript,clansetrank]
205	[clientscript,duel_initworn]
206	[clientscript,duel_confirm_text]
207	[proc,duel_addtostring]
286	[clientscript,worldmap_key_toggle]
295	[proc,worldmap_elements_update]
296	[proc,worldmap_elements_chooseposition]
299	[clientscript,deltooltip_graphic_swapper]
506	[proc,partnercheck]
508	[clientscript,snapshot_main_load]
518	[clientscript,loot_ontimer]
521	[clientscript,initialise_stat_xp]
522	[clientscript,assist_skill_update]
523	[proc,enum_var]
525	[clientscript,stats_stat]
526	[clientscript,assist_comp_sethide]
527	[clientscript,assist_display_icon]
528	[proc,assist_set_icon]
529	[clientscript,assist_tooltip]
532	[clientscript,stats_statbase]
533	[clientscript,assist_flash_button]
534	[clientscript,assist_clear_button]
536	[clientscript,assist_overlay_flash_icon]
537	[clientscript,assist_flash_icon]
538	[clientscript,xbows_init]
539	[clientscript,xbows_bolts]
540	[clientscript,xbows_level]
541	[clientscript,crafting_level]
542	[clientscript,crafting_level_hide]
543	[proc,assist_switch_var]
544	[clientscript,stats_skilltotal]
545	[clientscript,stats_mouseover]
546	[proc,sideinit_comp_close]
547	[proc,stats_mouseover_create]
548	[clientscript,stats_update]
561	[clientscript,duel2_select_type_vartrans]
567	[clientscript,duel_stake_vartrans]
568	[clientscript,addtooltip_dynamic]
569	[proc,addtooltip_action_dynamic]
570	[clientscript,objdialog_reset]
571	[clientscript,objdialog_close]
572	[clientscript,objdialog_ondialogabort]
573	[proc,objdialog_close]
574	[clientscript,objdialog_onkey]
575	[clientscript,objdialog_delay_timer]
576	[proc,objdialog_refreshsearch]
577	[proc,objdialog_dosearch]
578	[proc,objdialog_doscrollbar]
579	[clientscript,objdialog_highlight]
580	[clientscript,objdialog_select]
585	[clientscript,stockmarket_onload]
586	[clientscript,stockmarket_onstocktransmit]
587	[clientscript,stockmarket_onvartransmit]
589	[clientscript,stockmarket_oninvtransmit]
590	[clientscript,stockmarket_offerbutton]
591	[clientscript,stockmarket_choosecancel]
592	[clientscript,stockmarket_choosebuy]
596	[clientscript,stock_offercount_minus]
597	[clientscript,stock_offercount_plus]
604	[clientscript,stock_offerprice_minus]
605	[clientscript,stock_offerprice_plus]
653	[clientscript,stock_v2_stone_button_filled]
654	[clientscript,stockcollect_onload]
663	[clientscript,gravestone_plaque_setup]
678	[clientscript,partyroom_interface_setup]
679	[proc,v2_stone_button]
680	[proc,v2_stone_button_filled]
681	[clientscript,gravestone_shop_setup]
682	[proc,gravestone_shop_createbutton]
683	[proc,gravestone_shop_model]
687	[clientscript,gravestone_shop_select]
688	[clientscript,cc_graphic_swapper]
692	[clientscript,worldmap_keysort_button]
693	[proc,rgb_to_hex]
695	[clientscript,interface_invother_init_big]
696	[clientscript,bankpin_cancel]
700	[clientscript,bankpin_buttonnumber]
701	[clientscript,imp_bank_setup]
702	[clientscript,openurl_nologin]
704	[proc,bank_v2_get_tab_scrollpos]
705	[proc,bank_v2_set_tab_scrollpos]
706	[proc,bank_v2_get_tab_size]
714	[clientscript,interface_flash_slot_static]
721	[clientscript,window_resize]
722	[proc,window_resize]
724	[clientscript,statusicons_addtooltip]
731	[clientscript,rcguild_overlay_load]
732	[clientscript,fade_out_darkness]
733	[clientscript,fade_in_darkness]
734	[proc,int_to_bool]
736	[proc,arrow_set]
751	[clientscript,lore_head_update]
755	[clientscript,lore_points_update]
757	[clientscript,lore_interface_inv_init]
758	[clientscript,lore_interface_inv_update]
759	[proc,lore_interface_inv_update]
766	[proc,lore_pouch_checker]
767	[proc,lore_obj_checker]
768	[proc,lore_magic_pouch_checker]
769	[clientscript,lore_pouch_counter]
770	[clientscript,lore_addtooltip]
771	[proc,lore_itemcount]
772	[clientscript,topstat_run_text_init]
773	[proc,lore_updateicon]
778	[clientscript,lore_deltooltip]
780	[proc,lore_tostring]
781	[proc,lore_tostring_pouch]
782	[clientscript,lore_blanktip]
783	[clientscript,quickchat_tutorial_loadcontent]
784	[clientscript,quickchat_tutorial_showpage]
787	[clientscript,equipscreen_init]
795	[proc,wolf_pouch_checker]
799	[proc,wolf_magic_pouch_checker]
807	[proc,topstat_calculate_percent]
825	[clientscript,stats_scrollbar_setup]
831	[proc,music_v3_setcolour]
832	[clientscript,music_v3_setcolour]
833	[clientscript,music_ops]
837	[proc,music_getvar]
838	[clientscript,topstat_run_text_update]
915	[proc,v2_stone_button_out_filled]
957	[clientscript,fairyrings_log_init]
958	[clientscript,fairyrings_log_shuffle]
959	[proc,fairyrings_log_sort]
962	[clientscript,fairyrings_clockwise]
963	[clientscript,fairyrings_anticlockwise]
964	[clientscript,fairyrings_vartransmit]
965	[clientscript,fairyrings_rotate]
966	[proc,fairyrings_rotate_component]
1026	[clientscript,quickchat_tutorial_button_mouseover]
1027	[clientscript,quickchat_tutorial_button_mouseleave]
1032	[proc,quickchat_tutorial_showpage]
1033	[proc,quickchat_tutorial_displaydata]
1034	[proc,quickchat_tutorial_addtext]
1037	[proc,quickchat_phrase_objdialog]
1038	[clientscript,quickchat_phrase_objdialog_onkey]
1039	[proc,quickchat_objdialog_dosearch]
1041	[proc,quickchat_objdialog_refreshsearch]
1042	[proc,quickchat_objdialog_doscrollbar]
1043	[clientscript,quickchat_objdialog_highlight]
1047	[proc,quickchat_phrase_countdialog]
1048	[clientscript,quickchat_phrase_countdialog_onkey]
1049	[clientscript,quickchat_open_onop]
1050	[proc,quickchat_open]
1051	[proc,quickchat_open_context]
1052	[proc,quickchat_respond]
1053	[clientscript,quickchat_close]
1054	[proc,quickchat_close]
1055	[clientscript,quickchat_closebutton_mouseover]
1056	[clientscript,quickchat_closebutton_mouseleave]
1059	[clientscript,quickchat_onkey]
1060	[clientscript,quickchat_menu_select]
1061	[proc,quickchat_menu_select]
1062	[proc,quickchat_menu_add]
1063	[proc,quickchat_response_add]
1064	[proc,quickchat_menu_scroll]
1065	[clientscript,quickchat_menu_scroll]
1066	[proc,quickchat_path_scroll]
1067	[clientscript,quickchat_return]
1068	[proc,quickchat_return]
1069	[proc,quickchat_phrase_resend]
1070	[clientscript,quickchat_phrase]
1071	[proc,quickchat_phrase]
1072	[proc,quickchat_phrase_setup]
1073	[clientscript,quickchat_phrase_int]
1074	[proc,quickchat_phrase_int]
1075	[clientscript,quickchat_phrase_obj]
1076	[proc,quickchat_phrase_obj]
1077	[proc,quickchat_phrase_send]
1078	[proc,quickchat_phrase_setint]
1079	[proc,quickchat_phrase_setobj]
1085	[clientscript,clanwars_setup_createbox]
1086	[proc,clanwars_setup_createbox]
1090	[proc,quickchat_friend_status]
1095	[proc,cutscene_overlay_clamp]
1096	[proc,cutscene_overlay_resize]
1099	[clientscript,options_mouse]
1101	[clientscript,options_chat]
1105	[clientscript,options_aid]
1110	[clientscript,update_runenergy]
1111	[clientscript,options_poh]
1122	[clientscript,statusicons_deltooltip]
1153	[clientscript,sound_mono]
1154	[clientscript,sound_stereo]
1157	[clientscript,meslayer_mode12]
1172	[clientscript,loginscreen_load]
1173	[clientscript,loginscreen_setactivemenu]
1174	[proc,loginscreen_setactivemenu]
1184	[proc,topstat_run_text_update]
1185	[proc,loginscreen_brightness]
1214	[clientscript,loginscreen_slider_click]
1215	[clientscript,loginscreen_slider_drag]
1216	[proc,loginscreen_musicvol]
1217	[proc,loginscreen_soundvol]
1218	[proc,loginscreen_bgsoundvol]
1219	[clientscript,loginscreen_stereo]
1220	[proc,loginscreen_stereo]
1221	[clientscript,loginscreen_keypress]
1249	[clientscript,loginscreen_camera_timer]
1250	[clientscript,loginscreen_camfinished]
1262	[clientscript,zep_mouse_over]
1263	[clientscript,zep_mouse_leave]
1264	[proc,options_mouse]
1265	[proc,options_chat]
1266	[clientscript,boardgames_options_ranked]
1268	[clientscript,boardgames_options_time]
1269	[proc,options_aid]
1270	[clientscript,boardgames_options_pick_piece]
1272	[proc,options_poh]
1277	[clientscript,draughts_inv_init]
1278	[clientscript,draughts_inv_update]
1279	[proc,draughts_inv_update]
1291	[clientscript,farming_tools_main_update]
1292	[clientscript,farming_tools_side_update]
1294	[clientscript,hauntedmine_controls_load]
1295	[clientscript,hauntedmine_controls_startanim]
1297	[clientscript,options_update_all]
1302	[clientscript,switchside_varc]
1303	[clientscript,switchside_op]
1304	[proc,if_switchside_op]
1305	[proc,current_side_if]
1306	[proc,side_if_closeall]
1314	[proc,getsidehidden]
1315	[clientscript,topstat_run_button_init]
1316	[clientscript,topstat_run_button_vartransmit]
1343	[clientscript,dropdownbox_quick]
1344	[clientscript,dropdownbox]
1345	[proc,dropdownbox_getselected]
1346	[proc,dropdownbox]
1347	[clientscript,dropdownbox_openclose]
1348	[proc,dropdownbox_open]
1349	[proc,dropdownbox_close]
1350	[clientscript,dropdownbox_selectelement]
1351	[clientscript,dropdownbox_mouseoverarrow]
1352	[clientscript,dropdownbox_mouseoutarrow]
1353	[clientscript,dropdownbox_mouseoverelement]
1354	[clientscript,dropdownbox_mouseoutelement]
1355	[proc,dropdownbox_refuse]
1356	[clientscript,cc_text_colour_swapper]
1357	[clientscript,settrans]
1358	[clientscript,v2_stone_button_filled_deltooltip]
1360	[proc,v2_stone_button_in_proc]
1361	[proc,v2_stone_button_in_filled_proc]
1362	[clientscript,chatdefault_init]
1363	[proc,v2_stone_button_out_proc]
1364	[proc,subchanged]
1365	[proc,component_pulse_start]
1369	[clientscript,worldmap_init]
1372	[proc,worldmap_setzoom]
1373	[clientscript,worldmap_toggleoverview]
1374	[proc,worldmap_showoverview]
1382	[clientscript,worldmap_onkey]
1385	[proc,side_if_closeall_fullscreen]
1386	[proc,side_if_closeall_windowed]
1387	[proc,side_if_open]
1394	[clientscript,barrows_killcount_update]
1404	[clientscript,worldmap_vartransmit]
1405	[clientscript,boardgames_options_onload]
1407	[proc,boardgames_options_ranked]
1408	[proc,boardgames_options_time]
1409	[proc,boardgames_options_pick_piece]
1412	[clientscript,v2_small_button_filled]
1419	[clientscript,meslayer_mode5]
1420	[clientscript,flashside_timer]
1424	[clientscript,agilityarena_overlay]
1432	[proc,comlevel]
1433	[clientscript,toplevel_init]
1434	[clientscript,toplevel_fovchange]
1436	[proc,dropdownbox_init]
1437	[clientscript,tutorial_progress_bar]
1443	[clientscript,tog_update_interface]
1444	[clientscript,bank_v2_help_init]
1446	[clientscript,bank_v2_help_showpage]
1447	[proc,bank_v2_help_showpage]
1448	[clientscript,bank_v2_sideupdate]
1449	[clientscript,bank_v2_build_init]
1450	[proc,bank_v2_build_slots]
1451	[clientscript,bank_v2_rebuild]
1452	[clientscript,bank_v2_rebuild_delayed]
1454	[clientscript,bank_v2_bankitemdrag]
1455	[proc,bank_v2_hide_all]
1456	[proc,bank_v2_show_all]
1457	[proc,bank_v2_show_range]
1458	[proc,bank_v2_build_scrollbar]
1459	[proc,bank_v2_build_tabs]
1463	[proc,bank_v2_tab_highlight]
1466	[proc,bank_v2_get_size]
1467	[proc,bank_v2_get_tab_range]
1468	[proc,bank_v2_get_tab]
1471	[clientscript,bank_v2_search]
1475	[proc,bank_v2_search_update]
1476	[clientscript,bank_v2_search_delayed]
1478	[proc,bank_v2_confirmsearch]
1479	[proc,bank_v2_show_search]
1481	[clientscript,bank_v2_clickaddbutton]
1482	[clientscript,bank_v2_bankitemdrop]
1483	[clientscript,bank_v2_tab_highlight_revert]
1484	[clientscript,bank_v2_close]
1485	[clientscript,bank_v2_cert_click]
1486	[clientscript,bank_cert_button]
1487	[proc,bank_cert_button]
1488	[clientscript,bank_v2_swap_click]
1489	[clientscript,bank_sort_button]
1490	[proc,bank_sort_button]
1491	[clientscript,tab_1_click]
1492	[clientscript,tab_2_click]
1493	[clientscript,tab_3_click]
1494	[clientscript,tab_4_click]
1495	[clientscript,tab_5_click]
1496	[clientscript,tab_6_click]
1497	[clientscript,tab_7_click]
1498	[clientscript,tab_8_click]
1499	[clientscript,tab_9_click]
1500	[proc,bank_v2_tab_click]
1501	[clientscript,bank_v2_tooltipoff]
1533	[clientscript,topstat_run_button_mouseover]
1534	[clientscript,topstat_run_button_op]
1547	[clientscript,meslayer_varc_update]
1548	[proc,meslayer_close]
1549	[proc,meslayer_mode11]
1560	[proc,chatdefault_updatechatbox]
1579	[clientscript,friend_update]
1613	[clientscript,inventory_init]
1654	[proc,bank_v2_rebuild]
1657	[proc,stats_scrollbar_setup]
1664	[proc,bank_v2_rebuild_delayed]
1724	[clientscript,component_flash_start]
1725	[proc,component_flash_start]
1726	[clientscript,component_flash_timer]
1727	[clientscript,component_flash_stop]
1728	[proc,component_flash_stop]
1740	[clientscript,topstat_run_button_update]
1741	[proc,topstat_run_button_update]
1746	[clientscript,brew_boiler1]
1747	[clientscript,brew_boiler2]
1749	[clientscript,brew_boiler3]
1750	[clientscript,emote_unlock]
1751	[proc,durationmes]
1752	[clientscript,brew_bitternut]
1754	[clientscript,brew_buckets]
1755	[clientscript,brew_colourwater]
1756	[clientscript,brew_bark]
1760	[clientscript,brew_redscore]
1761	[clientscript,brew_bluescore]
1762	[clientscript,brew_time]
1769	[clientscript,clanwars_orb]
1774	[proc,clanwars_resynch_melee]
1775	[proc,clanwars_resynch_magic]
1776	[proc,clanwars_resynch_ranged]
1777	[proc,clanwars_resynch_prayer]
1778	[proc,clanwars_resynch_summoning]
1779	[proc,clanwars_resynch_food]
1780	[proc,clanwars_resynch_potions]
1782	[proc,clanwars_resynch_accept]
1783	[proc,clanwars_focuslayer]
1784	[proc,clanwars_updateside]
1785	[proc,clanwars_updateside_textbox]
1786	[clientscript,clanwars_overlay_status_init]
1787	[clientscript,clanwars_overlay_status]
1789	[clientscript,clanwars_overlay_status_timecounter]
1792	[clientscript,clanwars_overlay_rules]
1793	[clientscript,clanwars_ffa_warning_setup]
1796	[clientscript,clanwars_setup_maininit]
1800	[clientscript,clanwars_setup_acceptlayer]
1804	[clientscript,clanwars_setup_magictooltip]
1816	[clientscript,clanwars_end_setup]
1817	[proc,clanwars_end_victory]
1818	[proc,clanwars_end_defeat]
1819	[proc,clanwars_end_draw]
1820	[proc,clanwars_setup_clicktest]
1826	[clientscript,clanwars_setup_melee]
1827	[clientscript,clanwars_setup_magic]
1828	[clientscript,clanwars_setup_ranged]
1829	[clientscript,clanwars_setup_prayer]
1830	[clientscript,clanwars_setup_summoning]
1831	[clientscript,clanwars_setup_food]
1832	[clientscript,clanwars_setup_potions]
1834	[clientscript,clanwars_setup_accept_button]
1835	[clientscript,clanwars_ffa]
1836	[clientscript,clanwars_setup_vartransmit]
1837	[clientscript,clanwars_setup_varctransmit]
1838	[clientscript,clanwars_setup_varcstrtransmit]
1839	[proc,worldmap_key_build]
1840	[proc,worldmap_createline]
1841	[proc,worldmap_createtitle]
1842	[proc,worldmap_quicksort_alphabetical]
1843	[proc,worldmap_quicksort_category]
1864	[clientscript,construction_materials]
1867	[clientscript,quickchat_locked_link]
1877	[clientscript,quickchat_enter_search]
1889	[proc,world_x_pvp]
1900	[proc,quickchat_enter_search]
1909	[clientscript,sc_remaining_clay_help]
1915	[clientscript,sc_processing_init]
1924	[clientscript,sc_reward_shop_init]
1951	[clientscript,statusicons_serverupdate]
1952	[proc,statusicons_deltooltip]
1962	[clientscript,agilityarena_colour]
1963	[clientscript,pest_mouseover]
1964	[clientscript,pest_mouseleave]
1965	[clientscript,pest_confirm_mouseover]
2032	[clientscript,trawler_water_level]
2040	[clientscript,blast_furnace_coal]
2041	[clientscript,blast_furnace_bar_stock]
2045	[clientscript,worldmap_overlay]
2046	[proc,worldmap_overlay_clear]
2049	[proc,worldmap_setupgraphic]
2050	[proc,worldmap_hidegraphic]
2052	[proc,worldmap_setuptext]
2053	[clientscript,worldmap_op]
2055	[proc,mescoord]
2062	[clientscript,gnomeglider_init]
2063	[clientscript,gnomeglider_update]
2064	[proc,gnomeglider_update]
2124	[clientscript,macro_beekeeper_init]
2125	[clientscript,macro_beekeeper_transmit]
2126	[clientscript,macro_beekeeper_timer]
2127	[proc,macro_beekeeper_update]
2128	[proc,macro_beekeeper_setcomponent]
2131	[clientscript,bees_init]
2132	[clientscript,bees]
2133	[clientscript,bees_mouseover]
2134	[clientscript,bees_mouseleave]
2135	[clientscript,bees_mouserepeat]
2140	[clientscript,cc_settrans]
2303	[proc,topstat_prayer_button_update]
2413	[proc,hex_to_rgb]
2708	[proc,loginscreen_load]
