166	hobgoblin
286	troll
332	spirit_tree
333	spirit_tree
446	magical_shield
449	broken_barrel
456	whirlpool
459	speartrap
464	leak
467	lamp
468	charms
470	spooky_picture
471	flagpole
472	sails
474	bridge
475	fire_remains
476	wall_of_flame
477	fireplace
478	fireplace
479	cauldron
480	swamp_bubbles
481	standing_torch
488	weather_vane
491	portal
492	fly_trap
493	pool_of_slime
498	party_balloon
499	party_balloon
500	party_balloon
501	party_balloon
502	mysterious_glow
503	altar
504	portal
523	rocks
525	fishing_spot
808	ezekial_lovecraft
912	flowers
917	entrance
1017	spit_roast
1049	bellows
1051	water_wheel
1052	machinery
1072	monument
1073	golden_lantern
1096	fungi_on_log
1097	a_golden_pear_bush
1098	budding_branch
1103	blade
1104	plank
1108	ticket_dispenser
1112	floor_spikes
1127	strange_shrine
1212	elven_lamp
1223	catapult
1231	barrel
1233	barrel
1234	tent_wall
1235	well
1293	temple_wall
1294	temple_wall
1295	temple_wall
1296	temple_wall
1297	temple_wall
1298	temple_wall
1299	temple_wall
1300	temple_wall
1301	temple_wall
1302	temple_wall
1303	funeral_pyre
1304	funeral_pyre
1334	spit_roast
1338	dagannoth
1347	lighting_mechanism
1348	lighting_mechanism
1349	lighting_mechanism
1398	awowogei
1411	gnome_glider
1430	saradomin_standard
1433	energy_barrier
1532	statue
1533	statue
1600	goal
1629	fireplace
1630	fireplace_surround
1631	signpost
1632	lightning_conductor
1636	crystal_growth
1657	ectofuntus
1726	grandfather_clock
1727	rock
1729	water_wheel
1730	standard
1731	millstones
1732	fire
1733	weather_vane
1734	standard
1747	gnome_landing_light
1845	cannonball
1846	gold_cannonball
1847	fire
1868	table
1869	fireplace
1875	table
1881	dung
1908	portal
1909	door
1915	vampire_tomb
1923	cactus
1939	pitfall
1943	obelisk
1944	wall_crusher
1999	doorway
2054	blue_tears
2056	juna
2091	sithik_ints
2135	crusher
2136	bookcase
2137	plant
2173	tendrils
2178	fire_rift
2196	wall
2198	wall
2199	spinning_blades
2201	wall
2203	floor
2204	pendulum
2209	wall
2210	blade
2212	spin_blades
2260	abyssal_rift
2313	tree
2331	an_empty_rack
2346	viking_boat
2348	door
2349	door
2350	door
2359	flag
2360	flag
2380	light_jungle
2418	target_rock
2437	conveyor_belt
2439	smoke
2440	bar_dispenser
2451	drive_belt
2564	candles
2598	open_hot_vent_door
2600	egg
2641	lava_forge
2657	viewing_orb
2699	hammock
2708	hot_coals
2709	chest
2714	instruction_sign
2734	crystal_collector
2744	crystal
2746	light_door
2749	tree
2807	brewing_control
2878	portal
2883	magic_circle
2897	rat_trap
2898	rat_barrel
2899	rat_lever
2900	lantern
2901	rat_barn
2997	dorics_whetstone
3029	statue
3030	telekinetic_teleport
3038	sandpit
3070	stone_block
3095	magic_barrier
3097	magic_spell
3099	statue
3100	statue
3101	light
3105	brazier
3106	mass_of_debris
3107	brazier
3113	coffin
3117	magic_chest
3118	magic_chest
3172	strange_machine
3173	portal_machine
3174	interdimensional_rift
3180	raw_chompy_bird
3206	crate
3217	gallows
3218	chair
3219	spooky_picture
3230	treadmill
3231	spinning_pole
3237	canary
3246	a_fairy_workbench
3247	a_fairy_workbench
3264	chicken_shrine
3304	canoe_station
3305	a_sinking_canoe
3343	nest
3347	dragonfire
3349	barrier
3351	portal
3405	cauldron
3406	cauldron
3407	explosion
3438	kelp
3440	bubbles
3459	old_tree
3472	rock_and_string
3478	red_banana_tree
3511	grandfather_clock
3528	snake
3529	snake
3530	hole
3531	snake
3532	snake
3534	snake
3558	bucket
3573	incense_burner
3577	bells
3578	small_orrery
3579	large_orrery
3580	elemental_sphere
3581	crystal_of_power
3582	elemental_balance
3586	magic_barrier
3587	jacky_jester
3615	magic_circle
3616	greater_magic_circle
3644	scrying_pool
3646	teleportation_focus
3647	statue
3648	greater_teleport_focus
3698	power_saw
3699	stone_crusher
3700	embalming_tube
3707	rocnar
3720	pump_and_drain
3742	row_boat
3743	ripples
3835	hole
3843	fishing_contest_banner
3927	banner
3939	cauldron
3940	banner
3943	rock
3944	obelisk
3976	firebox
3998	evil_claw
4005	pinball_post
4006	pinball_post
4022	lift_engine
4124	cooking_pot
4125	oil_lamp
4126	flowers
4127	lantern
4128	sign
4129	sign
4130	hearth
4132	chimney
4133	pigeon
4157	catapult
4161	magical_animator
4163	dummy
4217	drip
4218	drips
4220	zanik
4239	bamboo_pipes
4240	conveyor_belt
4241	conveyor_belt
4242	steam_pump
4244	bitternut_tree
4245	bitternut_tree
4246	bitternut_tree
4247	bitternut_tree
4260	bottle_machine
4284	portal_of_death
4290	dying_roses
4291	roses
4295	dragon_machine
4296	machine
4297	dragon_machine
4308	lightning
4309	lightning
4335	urn
4336	sarcophagus
4338	tomb_door
4339	an_anonymous_looking_door
4354	our_lives
4355	dream_tree
4356	zero
4357	hurdle
4358	platform
4360	dice
4361	dice
4363	dream_puff
4364	dream_puff
4377	table
4392	light
4393	hat_rack
4394	cooker
4395	rack
4396	stool
4397	table
4399	hanging_pirate
4408	ceremonial_brazier
4431	hammock
4535	office_table
4557	table
4559	aspidistra_plant
4560	oaknocks_machine
4561	oaknocks_machine
4562	oaknocks_exchanger
4563	broken_cogs
4564	goblin_crowd
4565	gnome_crowd
4566	goblin_crowd
4567	gnome_crowd
4568	goblin_crowd
4569	gnome_crowd
4571	argento
4572	argento
4599	wardrobe
4621	stone_table
4622	stone_table
4627	crystal_ball
4628	ornate_candle
4743	decorated_wall
4744	wall
4745	wall
4746	waste_pipes
4747	waste_pipes
4778	washing_line
4798	crane
4856	bell
4860	furnace
4879	door
4880	door
4881	door
4883	extractor_hat
4894	press_support
4895	water_tank
4896	cog
4897	extractor_gun
4900	extractor_gun
4901	tunnel_wall
5012	dolphin
5055	cactus
5058	wintumber_tree
5068	childerkin_slaves
5073	cage_with_gublinch
5109	basket
5141	basket
5169	bird_snare
5170	bird_snare
5173	bird_snare
5174	bird_snare
5175	box_trap
5176	box_trap
5177	box_trap
5178	box_trap
5179	shaking_box
5180	box_trap
5193	deadfall
5194	deadfall
5195	deadfall
5196	deadfall
5197	boulder
5203	occupied_perch
5219	magic_box_failed
5220	magic_box
5221	magic_box
5222	magic_box
5235	pit
5237	broken_snare
5239	rabbit_snare
5260	tracks
5267	young_tree
5268	net_trap
5269	net_trap
5270	net_trap
5271	net_trap
5295	pedestal
5296	pedestal
5297	pedestal
5308	bird_feeder
5318	huge_spider
5350	pillar
5351	machine
5415	lava_crater
5423	horn_of_glory
5429	egg_launcher
5430	egg_launcher
5431	hopper
5432	egg_hopper
5483	bones
5564	mummy
5598	torch
5599	passageway
5600	bars
5601	passageway
5603	armour
5631	wall
5728	wooden_platform
5729	wooden_platform
5730	crazy_penguin
5734	ice
5737	steam_generator
5738	spinning_light
5740	golf_cart
5742	table
5743	drill
5744	lathe
5745	smoke
5768	banner
5771	large_geyser
5772	small_geyser
5773	arctic_pine
5797	fountain
5798	fireplace
5824	magic_table
5825	spinning_pipe
5829	water_pipes
5844	symbol_of_life
5847	cage
5855	dairy_cow
5857	sails
5900	wall
5901	wall
5906	stand
5909	fuse
5974	marv_well
5975	marv_sick
5976	marv_very_sick
5977	marv_ghastly
5983	marv_sick
5984	marv_very_sick
5985	marv_ghastly
6015	molanisk
6023	sinclair_family_fountain
6024	water
6026	stairs
6027	thingymajig
6028	magic_ball
6029	lamp
6031	empty_lamp
6032	lamp
6034	zapper
6035	zapper
6036	moths
6037	sink
6038	chimney
6039	frog_spit
6069	pylon
6094	cow_wheel
6161	goblin_crowd
6162	goblin_crowd
6163	goblin_crowd
6164	crowd_of_dwarves
6165	crowd_of_dwarves
6166	crowd_of_dwarves
6167	council_members
6168	cave_gobins
6196	sample_table
6211	zanik
6218	kalphite_soldier
6269	kalphite_queen_legs
6274	cocoon
6453	snake
6466	swings
6467	washing_line
6470	wheat
6477	kalphite_queen
6481	dummy
6492	fountain
6493	mill
6494	mill
6495	sails
6496	baby_red_dragon
6497	beanstalk
6499	beanstalk
6500	beanstalk
6506	grimgnash
6509	rupert
6522	gramophone
6523	floor
6561	hellhound
6597	growing_wheat
6598	wilting_wheat
6623	crop_circle
6624	crop_circle
6625	crop_circle
6626	crop_circle
6627	centre_of_crop_circle
6635	magic_door
6636	magic_door
6637	magic_door
6638	candle_stand
6639	vines
6645	fire
6646	fire
6652	jenkins
6653	flames
6656	flag
6732	mighty_torrent
6733	pyre_boat
6734	pyre_boat
6735	pyre_boat
6736	pyre_boat
6737	whirlpool
6853	fire
6854	rocking_unicorn
6873	novice_flag
6874	veteran_flag
6890	citizen
6891	citizen
6892	citizen
6893	citizen
6894	citizen
6895	citizen
6898	court_judge
6900	the_jury
6901	the_jury
6902	the_jury
6903	the_jury
6912	sir_lucan
6913	sir_palomedes
6914	sir_lancelot
6915	sir_bedivere
6917	alan
6925	sir_tristram
6931	fly_paper
6982	big_hole
6995	snow
6996	snowfall
7007	waterfall
7087	gas
7097	pipe
7115	human_food
7117	human_food
7118	healthorg
7138	spirit_tree
7152	furnace
7158	kennith
7231	table
7245	jade_vine
7252	tree
7262	chair
7263	chair
7283	fishtank
7284	gargoyle
7286	torch
7291	pitfall
7346	door
7352	fairy_portal
7353	fairy_portal
7354	machine
7357	oozing_rock
7358	strange_box
7360	strange_box
7361	portal
7382	non_combat_zone
7385	fire_pit
7391	entrance
7544	snow
7552	stags
7577	cat
7600	steam
7601	furnace
7602	power_indicator
8510	obelisk
8526	wishing_well
8618	hairdryer
8624	sacrificial_pyre
8646	grimechin
8647	fire
8663	mud_bath
8664	sulphur_spring
8665	thermal_bath
8666	salt_water_spring
8667	bugs
8708	flag
8845	steam_vent
8857	barrel
8881	villagers
8892	incubator_coal_scuttle
8894	chocolate_mixer
8897	chocolate_pool
8967	gnomecopter
8968	gnomecopter
8969	entrance_sign
8970	windsock
8971	deposit_box
8972	deposit_box
9005	energy_barrier
9010	scoreboard
9011	stone_dispenser
9033	door
9035	door
9041	wall_storage
9083	andiess_juip
9084	kael_forshaw
9085	safalaan
9088	andiess_juip
9089	kael_forshaw
9090	safalaan
9101	strange_stones
9123	holy_barrier
9135	a_stream_of_light
9137	convertor
9143	nesting_bird
9146	parachuting_gnome
9150	remains
9154	cave_wall
9241	tok_xil
9303	stepping_stone
9329	pillar
9330	rock
9351	signpost
9369	broken_door
9370	broken_door
9371	broken_door
9372	broken_door
9383	pulsing_markings
9386	lever
9388	sticks
9405	skeleton
9406	skeleton
9408	subterranean_spring
9423	flames
9424	wavering_mystic_barrier
9425	wavering_mystic_barrier
9512	fire
9518	mystic_barrier
9520	bucket_rope
9534	customs_sergeant
9563	perch_rock
9564	pipes
9581	cannon
9585	pillar
9586	torch
9589	a_cooking_pot
9590	obelisk_of_fire
9592	standing_torch
9593	fire_wall
9640	funeral_pyre
9641	bridge
9642	standard
9645	water
9646	aquarium
9647	flag
9651	energy_barrier
9652	energy_barrier
9653	portal
9654	barricade
9655	catapult
9656	climbing_rope
9657	rocks
9660	carved_fountain
9664	catapult
9665	waterfall
9669	cart_camel
9867	standard
9871	organ
9910	flag
9911	mysterious_ruins
9958	sir_vant
9970	water_barrel
9973	rock_column
9974	mine_entrance
9981	mine_entrance
9983	pot_boiler
10034	hollow_log
10042	portal
10046	altar
10085	barrier
10088	basket
10089	basket
10099	portal
10122	pillar
10129	glass_spheres
10183	barrier
10190	portal
10192	tube
10193	containment_unit
10195	runestone_accelerator
10199	storage_unit
10200	gyroscope
10237	unlit_beacon
10259	target
10273	the_audience
10274	the_audience
10275	the_audience
10276	the_audience
10277	the_audience
10278	the_audience
10279	the_audience
10280	the_audience
10281	the_audience
10282	the_audience
10283	the_audience
10284	the_audience
10285	the_audience
10286	the_audience
10287	the_audience
10322	cat_level_20_approx
10326	ork_level_50_approx
10328	penguin_level_40_approx
10330	rat_level_10_approx
10333	armour_level_60_approx
10351	crashed_star
10372	viewing_orb
10391	hole
10424	red_mist
10431	the_sacred_forge
10455	guard
10456	guard
10457	guard
10458	guard
10459	guard
10466	warrior_woman
10467	clive
10541	maggies_cauldron
10547	hitching_post
10560	caravan
10561	hat_stand
10562	bunting
10581	swarm_class_5
10582	pool_class_5
10586	entry_portal
10624	post
10648	rocks
10703	stairs
10750	mysterious_stone
10751	treasure_pile
10757	gas_cloud
10760	dragon_head
10768	wounded_guardian
10777	statue
10779	statue
10781	statue
10783	statue
10785	statue
10787	statue
10789	statue
10791	statue
10802	statue
10804	statue
10806	statue
10808	statue
10810	statue
10862	rope
10863	rope
10864	rock
10874	stone_of_jas
10890	dolmen
10892	dolmen
10907	brazier
10908	floor_wire
10909	floor_wire
10936	counter
10966	vine_flower
10967	gate
10975	unconscious_guardian
10976	orb
10979	a_lazy_khazard_guard
11040	yeti
11054	reindeer
11090	pyre
11129	pyre
